,mean,F1,smoothing,model_type,extract_method
0,0.7766455295860981,0.25787998569839504,0.5988610787445499,complement,CountVectorizer
1,0.749400271208196,0.243141301784549,0.11283032778252543,complement,CountVectorizer
2,0.7558577164258549,0.2592191839228742,0.04807813441729131,complement,CountVectorizer
3,0.7484376146777002,0.23867267803335293,0.5097049072357274,complement,CountVectorizer
